{"data_time": 0.25381959250034924, "eta_seconds": 691.1807832266913, "fast_rcnn/cls_accuracy": 0.88671875, "fast_rcnn/false_negative": 0.5, "fast_rcnn/fg_cls_accuracy": 0.5, "iteration": 19, "loss_box_reg": 0.10328608006238937, "loss_cls": 0.5719879567623138, "loss_mask": 0.6904788613319397, "loss_rpn_cls": 1.1587393283843994, "loss_rpn_loc": 0.10983718559145927, "lr": 4.7702500000000006e-05, "mask_rcnn/accuracy": 0.8344494047619048, "mask_rcnn/false_negative": 0.0, "mask_rcnn/false_positive": 1.0, "roi_head/num_bg_samples": 123.0, "roi_head/num_fg_samples": 5.0, "rpn/num_neg_anchors": 207.0, "rpn/num_pos_anchors": 49.0, "time": 0.7045675669996854, "total_loss": 2.6339193992316723}
{"data_time": 0.26237126249998255, "eta_seconds": 677.0894318866976, "fast_rcnn/cls_accuracy": 0.943359375, "fast_rcnn/false_negative": 1.0, "fast_rcnn/fg_cls_accuracy": 0.0, "iteration": 39, "loss_box_reg": 0.17910564690828323, "loss_cls": 0.21804329007863998, "loss_mask": 0.6328738033771515, "loss_rpn_cls": 0.12048395723104477, "loss_rpn_loc": 0.08280123770236969, "lr": 9.76525e-05, "mask_rcnn/accuracy": 0.8605717286914767, "mask_rcnn/false_negative": 0.0, "mask_rcnn/false_positive": 1.0, "roi_head/num_bg_samples": 120.75, "roi_head/num_fg_samples": 7.25, "rpn/num_neg_anchors": 206.75, "rpn/num_pos_anchors": 49.25, "time": 0.702368688000206, "total_loss": 1.2300687758252025}
{"data_time": 0.24091380099980597, "eta_seconds": 647.256408663829, "fast_rcnn/cls_accuracy": 0.9375, "fast_rcnn/false_negative": 1.0, "fast_rcnn/fg_cls_accuracy": 0.0, "iteration": 59, "loss_box_reg": 0.19505025446414948, "loss_cls": 0.15072453022003174, "loss_mask": 0.5628221333026886, "loss_rpn_cls": 0.026973782107234, "loss_rpn_loc": 0.07599757611751556, "lr": 0.0001476025, "mask_rcnn/accuracy": 0.7911164465786314, "mask_rcnn/false_negative": 0.0, "mask_rcnn/false_positive": 1.0, "roi_head/num_bg_samples": 120.0, "roi_head/num_fg_samples": 8.0, "rpn/num_neg_anchors": 206.5, "rpn/num_pos_anchors": 49.5, "time": 0.6878389039998183, "total_loss": 1.0147419865243137}
{"data_time": 0.2621176535003542, "eta_seconds": 633.4996305838326, "fast_rcnn/cls_accuracy": 0.931640625, "fast_rcnn/false_negative": 1.0, "fast_rcnn/fg_cls_accuracy": 0.0, "iteration": 79, "loss_box_reg": 0.23140951991081238, "loss_cls": 0.12180930748581886, "loss_mask": 0.41532228887081146, "loss_rpn_cls": 0.014808363281190395, "loss_rpn_loc": 0.06603958830237389, "lr": 0.00019755250000000002, "mask_rcnn/accuracy": 0.8352637107474569, "mask_rcnn/false_negative": 0.0, "mask_rcnn/false_positive": 1.0, "roi_head/num_bg_samples": 119.25, "roi_head/num_fg_samples": 8.75, "rpn/num_neg_anchors": 207.0, "rpn/num_pos_anchors": 49.0, "time": 0.6992403449999074, "total_loss": 0.8518547392450273}
{"data_time": 0.24387125000021115, "eta_seconds": 630.4801830301053, "fast_rcnn/cls_accuracy": 0.955078125, "fast_rcnn/false_negative": 0.5857843137254902, "fast_rcnn/fg_cls_accuracy": 0.4142156862745098, "iteration": 99, "loss_box_reg": 0.24507659673690796, "loss_cls": 0.09465603902935982, "loss_mask": 0.412044957280159, "loss_rpn_cls": 0.011212579440325499, "loss_rpn_loc": 0.06768346577882767, "lr": 0.0002475025, "mask_rcnn/accuracy": 0.8076413131041891, "mask_rcnn/false_negative": 0.0, "mask_rcnn/false_positive": 1.0, "roi_head/num_bg_samples": 118.5, "roi_head/num_fg_samples": 9.5, "rpn/num_neg_anchors": 207.0, "rpn/num_pos_anchors": 49.0, "time": 0.7066860824998002, "total_loss": 0.848462768830359}
{"data_time": 0.21103790000006484, "eta_seconds": 609.2048220200277, "fast_rcnn/cls_accuracy": 0.98046875, "fast_rcnn/false_negative": 0.16666666666666666, "fast_rcnn/fg_cls_accuracy": 0.8333333333333334, "iteration": 119, "loss_box_reg": 0.21264972537755966, "loss_cls": 0.08058472722768784, "loss_mask": 0.41235843300819397, "loss_rpn_cls": 0.012886308133602142, "loss_rpn_loc": 0.09066548198461533, "lr": 0.00025, "mask_rcnn/accuracy": 0.7794225863422293, "mask_rcnn/false_negative": 0.0, "mask_rcnn/false_positive": 1.0, "roi_head/num_bg_samples": 119.5, "roi_head/num_fg_samples": 8.5, "rpn/num_neg_anchors": 207.0, "rpn/num_pos_anchors": 49.0, "time": 0.670834889499929, "total_loss": 0.8518604696728289}
{"data_time": 0.33610434050024196, "eta_seconds": 583.6557820802518, "fast_rcnn/cls_accuracy": 0.98046875, "fast_rcnn/false_negative": 0.0625, "fast_rcnn/fg_cls_accuracy": 0.9375, "iteration": 139, "loss_box_reg": 0.20556218922138214, "loss_cls": 0.07759544625878334, "loss_mask": 0.36985941231250763, "loss_rpn_cls": 0.015182342380285263, "loss_rpn_loc": 0.0719098448753357, "lr": 0.00025, "mask_rcnn/accuracy": 0.8316830021482278, "mask_rcnn/false_negative": 0.0, "mask_rcnn/false_positive": 0.9995143273433706, "roi_head/num_bg_samples": 118.75, "roi_head/num_fg_samples": 9.25, "rpn/num_neg_anchors": 207.0, "rpn/num_pos_anchors": 49.0, "time": 0.6754062225004418, "total_loss": 0.7676940504461527}
{"data_time": 0.3582189874996402, "eta_seconds": 585.7524358674673, "fast_rcnn/cls_accuracy": 0.986328125, "fast_rcnn/false_negative": 0.0, "fast_rcnn/fg_cls_accuracy": 1.0, "iteration": 159, "loss_box_reg": 0.21550054848194122, "loss_cls": 0.061051029711961746, "loss_mask": 0.3628891706466675, "loss_rpn_cls": 0.0069851812440901995, "loss_rpn_loc": 0.06165800429880619, "lr": 0.00025, "mask_rcnn/accuracy": 0.8195236976369495, "mask_rcnn/false_negative": 0.000741812990550134, "mask_rcnn/false_positive": 0.9708460173240958, "roi_head/num_bg_samples": 118.5, "roi_head/num_fg_samples": 9.5, "rpn/num_neg_anchors": 207.0, "rpn/num_pos_anchors": 49.0, "time": 0.6964951674999611, "total_loss": 0.7245936577674001}
{"data_time": 0.3438569909999387, "eta_seconds": 578.2958605441886, "fast_rcnn/cls_accuracy": 0.98046875, "fast_rcnn/false_negative": 0.03333333333333333, "fast_rcnn/fg_cls_accuracy": 0.9666666666666667, "iteration": 179, "loss_box_reg": 0.19977350533008575, "loss_cls": 0.059797000139951706, "loss_mask": 0.33702412247657776, "loss_rpn_cls": 0.007022838108241558, "loss_rpn_loc": 0.06674765050411224, "lr": 0.00025, "mask_rcnn/accuracy": 0.8457195378151261, "mask_rcnn/false_negative": 0.005563320722088982, "mask_rcnn/false_positive": 0.8995540834080541, "roi_head/num_bg_samples": 119.75, "roi_head/num_fg_samples": 8.25, "rpn/num_neg_anchors": 207.0, "rpn/num_pos_anchors": 49.0, "time": 0.7043798544996207, "total_loss": 0.694261278025806}
{"data_time": 0.34502828950007824, "eta_seconds": 564.2082634541962, "fast_rcnn/cls_accuracy": 0.984375, "fast_rcnn/false_negative": 0.020833333333333332, "fast_rcnn/fg_cls_accuracy": 0.9791666666666667, "iteration": 199, "loss_box_reg": 0.2328896000981331, "loss_cls": 0.056778933852910995, "loss_mask": 0.3710194379091263, "loss_rpn_cls": 0.005340875592082739, "loss_rpn_loc": 0.06621239334344864, "lr": 0.00025, "mask_rcnn/accuracy": 0.8146125637755102, "mask_rcnn/false_negative": 0.021433376053475728, "mask_rcnn/false_positive": 0.7651432659546429, "roi_head/num_bg_samples": 118.5, "roi_head/num_fg_samples": 9.5, "rpn/num_neg_anchors": 207.0, "rpn/num_pos_anchors": 49.0, "time": 0.6974179665003248, "total_loss": 0.7232504435814917}
{"data_time": 0.19951420549932664, "eta_seconds": 548.9836701635309, "fast_rcnn/cls_accuracy": 0.984375, "fast_rcnn/false_negative": 0.0, "fast_rcnn/fg_cls_accuracy": 1.0, "iteration": 219, "loss_box_reg": 0.23837386071681976, "loss_cls": 0.05330757796764374, "loss_mask": 0.3488196134567261, "loss_rpn_cls": 0.004080012207850814, "loss_rpn_loc": 0.06286504678428173, "lr": 0.00025, "mask_rcnn/accuracy": 0.8324754008746356, "mask_rcnn/false_negative": 0.04182064779822055, "mask_rcnn/false_positive": 0.6319045501249866, "roi_head/num_bg_samples": 118.0, "roi_head/num_fg_samples": 10.0, "rpn/num_neg_anchors": 207.0, "rpn/num_pos_anchors": 49.0, "time": 0.6410241990006398, "total_loss": 0.7185634442139417}
{"data_time": 0.28875833899928693, "eta_seconds": 534.9251894935301, "fast_rcnn/cls_accuracy": 0.98046875, "fast_rcnn/false_negative": 0.0, "fast_rcnn/fg_cls_accuracy": 1.0, "iteration": 239, "loss_box_reg": 0.24120929092168808, "loss_cls": 0.05281330086290836, "loss_mask": 0.3259904682636261, "loss_rpn_cls": 0.004044475266709924, "loss_rpn_loc": 0.05504473298788071, "lr": 0.00025, "mask_rcnn/accuracy": 0.8521197764820214, "mask_rcnn/false_negative": 0.03702610517568959, "mask_rcnn/false_positive": 0.5841663969465747, "roi_head/num_bg_samples": 117.5, "roi_head/num_fg_samples": 10.5, "rpn/num_neg_anchors": 207.0, "rpn/num_pos_anchors": 49.0, "time": 0.6885474410000825, "total_loss": 0.6825160067528486}
{"data_time": 0.3282823975005158, "eta_seconds": 520.8667088235293, "fast_rcnn/cls_accuracy": 0.98046875, "fast_rcnn/false_negative": 0.0, "fast_rcnn/fg_cls_accuracy": 1.0, "iteration": 259, "loss_box_reg": 0.2043991982936859, "loss_cls": 0.0522532369941473, "loss_mask": 0.34194040298461914, "loss_rpn_cls": 0.005020410753786564, "loss_rpn_loc": 0.061345431953668594, "lr": 0.000125, "mask_rcnn/accuracy": 0.8411546910430838, "mask_rcnn/false_negative": 0.02306271263756106, "mask_rcnn/false_positive": 0.6302592480291085, "roi_head/num_bg_samples": 118.5, "roi_head/num_fg_samples": 9.5, "rpn/num_neg_anchors": 205.25, "rpn/num_pos_anchors": 50.75, "time": 0.7077188544999444, "total_loss": 0.6773778025526553}
{"data_time": 0.37184631299896864, "eta_seconds": 507.85787509422653, "fast_rcnn/cls_accuracy": 0.982421875, "fast_rcnn/false_negative": 0.0, "fast_rcnn/fg_cls_accuracy": 1.0, "iteration": 279, "loss_box_reg": 0.1948251724243164, "loss_cls": 0.047957709059119225, "loss_mask": 0.3421652615070343, "loss_rpn_cls": 0.00799148390069604, "loss_rpn_loc": 0.06737874448299408, "lr": 0.000125, "mask_rcnn/accuracy": 0.838792213313897, "mask_rcnn/false_negative": 0.04893284332042998, "mask_rcnn/false_positive": 0.5859648194652145, "roi_head/num_bg_samples": 119.5, "roi_head/num_fg_samples": 8.5, "rpn/num_neg_anchors": 206.75, "rpn/num_pos_anchors": 49.25, "time": 0.7312411555003564, "total_loss": 0.6678100498393178}
{"data_time": 0.3658815885000877, "eta_seconds": 501.07765867787066, "fast_rcnn/cls_accuracy": 0.98046875, "fast_rcnn/false_negative": 0.0, "fast_rcnn/fg_cls_accuracy": 1.0, "iteration": 299, "loss_box_reg": 0.19816791266202927, "loss_cls": 0.04932998679578304, "loss_mask": 0.306879460811615, "loss_rpn_cls": 0.008247658610343933, "loss_rpn_loc": 0.0584659930318594, "lr": 0.000125, "mask_rcnn/accuracy": 0.8573487289652704, "mask_rcnn/false_negative": 0.03656608088336753, "mask_rcnn/false_positive": 0.6922121449825935, "roi_head/num_bg_samples": 119.0, "roi_head/num_fg_samples": 9.0, "rpn/num_neg_anchors": 207.0, "rpn/num_pos_anchors": 49.0, "time": 0.7261809960000392, "total_loss": 0.6397207978297956}
{"data_time": 0.2872173819996533, "eta_seconds": 486.78157711787435, "fast_rcnn/cls_accuracy": 0.98828125, "fast_rcnn/false_negative": 0.0, "fast_rcnn/fg_cls_accuracy": 1.0, "iteration": 319, "loss_box_reg": 0.18765171617269516, "loss_cls": 0.040420353412628174, "loss_mask": 0.3181111663579941, "loss_rpn_cls": 0.006420915946364403, "loss_rpn_loc": 0.04945014603435993, "lr": 0.000125, "mask_rcnn/accuracy": 0.857999521318825, "mask_rcnn/false_negative": 0.03194378672293414, "mask_rcnn/false_positive": 0.653254232296467, "roi_head/num_bg_samples": 119.0, "roi_head/num_fg_samples": 9.0, "rpn/num_neg_anchors": 207.0, "rpn/num_pos_anchors": 49.0, "time": 0.7098238515000048, "total_loss": 0.6233785821823403}
{"data_time": 0.17835286050012655, "eta_seconds": 464.6327861435261, "fast_rcnn/cls_accuracy": 0.98046875, "fast_rcnn/false_negative": 0.0, "fast_rcnn/fg_cls_accuracy": 1.0, "iteration": 339, "loss_box_reg": 0.18816426396369934, "loss_cls": 0.051762351766228676, "loss_mask": 0.33725856244564056, "loss_rpn_cls": 0.010856644250452518, "loss_rpn_loc": 0.06502421200275421, "lr": 0.000125, "mask_rcnn/accuracy": 0.8462101326037661, "mask_rcnn/false_negative": 0.03225439878659688, "mask_rcnn/false_positive": 0.700099346506422, "roi_head/num_bg_samples": 119.5, "roi_head/num_fg_samples": 8.5, "rpn/num_neg_anchors": 209.25, "rpn/num_pos_anchors": 46.75, "time": 0.5800152940000771, "total_loss": 0.6576526588760316}
{"data_time": 0.32110828299937566, "eta_seconds": 451.22812451198797, "fast_rcnn/cls_accuracy": 0.986328125, "fast_rcnn/false_negative": 0.019230769230769232, "fast_rcnn/fg_cls_accuracy": 0.9807692307692308, "iteration": 359, "loss_box_reg": 0.20190422981977463, "loss_cls": 0.044726934283971786, "loss_mask": 0.305605411529541, "loss_rpn_cls": 0.007090169237926602, "loss_rpn_loc": 0.05293416604399681, "lr": 0.000125, "mask_rcnn/accuracy": 0.8599424144657863, "mask_rcnn/false_negative": 0.04686306004295271, "mask_rcnn/false_positive": 0.5898704929585601, "roi_head/num_bg_samples": 118.5, "roi_head/num_fg_samples": 9.5, "rpn/num_neg_anchors": 210.5, "rpn/num_pos_anchors": 45.5, "time": 0.7071071239997764, "total_loss": 0.6183200307423249}
{"data_time": 0.2874075919999086, "eta_seconds": 436.43009513265224, "fast_rcnn/cls_accuracy": 0.984375, "fast_rcnn/false_negative": 0.0, "fast_rcnn/fg_cls_accuracy": 1.0, "iteration": 379, "loss_box_reg": 0.22650855779647827, "loss_cls": 0.048282742500305176, "loss_mask": 0.325320228934288, "loss_rpn_cls": 0.003956102533265948, "loss_rpn_loc": 0.051006585359573364, "lr": 0.000125, "mask_rcnn/accuracy": 0.8469875450180072, "mask_rcnn/false_negative": 0.04391315787958294, "mask_rcnn/false_positive": 0.5782720813638575, "roi_head/num_bg_samples": 118.0, "roi_head/num_fg_samples": 10.0, "rpn/num_neg_anchors": 207.0, "rpn/num_pos_anchors": 49.0, "time": 0.6607864029992925, "total_loss": 0.6850398892420344}
{"data_time": 0.31290609350071463, "eta_seconds": 421.99655262530996, "fast_rcnn/cls_accuracy": 0.986328125, "fast_rcnn/false_negative": 0.0, "fast_rcnn/fg_cls_accuracy": 1.0, "iteration": 399, "loss_box_reg": 0.19066545367240906, "loss_cls": 0.03995358571410179, "loss_mask": 0.32305778563022614, "loss_rpn_cls": 0.002535966341383755, "loss_rpn_loc": 0.06716098636388779, "lr": 0.000125, "mask_rcnn/accuracy": 0.8466111444577831, "mask_rcnn/false_negative": 0.051465070010176334, "mask_rcnn/false_positive": 0.5236492280609785, "roi_head/num_bg_samples": 119.5, "roi_head/num_fg_samples": 8.5, "rpn/num_neg_anchors": 207.0, "rpn/num_pos_anchors": 49.0, "time": 0.6862952829997084, "total_loss": 0.6219718948705122}
{"data_time": 0.31136595499992836, "eta_seconds": 407.9534061153163, "fast_rcnn/cls_accuracy": 0.984375, "fast_rcnn/false_negative": 0.0, "fast_rcnn/fg_cls_accuracy": 1.0, "iteration": 419, "loss_box_reg": 0.1974957138299942, "loss_cls": 0.04574894905090332, "loss_mask": 0.32986730337142944, "loss_rpn_cls": 0.0070622137282043695, "loss_rpn_loc": 0.07450483739376068, "lr": 0.000125, "mask_rcnn/accuracy": 0.8543185131195336, "mask_rcnn/false_negative": 0.035223600960070496, "mask_rcnn/false_positive": 0.6661782611212473, "roi_head/num_bg_samples": 119.0, "roi_head/num_fg_samples": 9.0, "rpn/num_neg_anchors": 207.0, "rpn/num_pos_anchors": 49.0, "time": 0.6893446284993843, "total_loss": 0.6795673295855522}
{"data_time": 0.231442049499492, "eta_seconds": 392.99047514057065, "fast_rcnn/cls_accuracy": 0.986328125, "fast_rcnn/false_negative": 0.020833333333333332, "fast_rcnn/fg_cls_accuracy": 0.9791666666666667, "iteration": 439, "loss_box_reg": 0.2068834900856018, "loss_cls": 0.04552747681736946, "loss_mask": 0.30801644921302795, "loss_rpn_cls": 0.010044688358902931, "loss_rpn_loc": 0.06373297795653343, "lr": 0.000125, "mask_rcnn/accuracy": 0.8608144674873999, "mask_rcnn/false_negative": 0.052737453499861975, "mask_rcnn/false_positive": 0.520726040313124, "roi_head/num_bg_samples": 118.75, "roi_head/num_fg_samples": 9.25, "rpn/num_neg_anchors": 207.0, "rpn/num_pos_anchors": 49.0, "time": 0.5942597094999655, "total_loss": 0.6464044658932835}
{"data_time": 0.32695254599912005, "eta_seconds": 378.98011952058596, "fast_rcnn/cls_accuracy": 0.982421875, "fast_rcnn/false_negative": 0.020833333333333332, "fast_rcnn/fg_cls_accuracy": 0.9791666666666667, "iteration": 459, "loss_box_reg": 0.18565517663955688, "loss_cls": 0.042535848915576935, "loss_mask": 0.33483558893203735, "loss_rpn_cls": 0.009832591284066439, "loss_rpn_loc": 0.06659965217113495, "lr": 0.000125, "mask_rcnn/accuracy": 0.8463385354141657, "mask_rcnn/false_negative": 0.04007682324220571, "mask_rcnn/false_positive": 0.6146612653895872, "roi_head/num_bg_samples": 119.5, "roi_head/num_fg_samples": 8.5, "rpn/num_neg_anchors": 207.0, "rpn/num_pos_anchors": 49.0, "time": 0.6905267684996943, "total_loss": 0.6425902615301311}
{"data_time": 0.24593222949988558, "eta_seconds": 364.21942282672126, "fast_rcnn/cls_accuracy": 0.98046875, "fast_rcnn/false_negative": 0.0, "fast_rcnn/fg_cls_accuracy": 1.0, "iteration": 479, "loss_box_reg": 0.19614268094301224, "loss_cls": 0.0507318340241909, "loss_mask": 0.31183966994285583, "loss_rpn_cls": 0.005772122880443931, "loss_rpn_loc": 0.06943507492542267, "lr": 0.000125, "mask_rcnn/accuracy": 0.8454187925170068, "mask_rcnn/false_negative": 0.04183843971561087, "mask_rcnn/false_positive": 0.6085859931348943, "roi_head/num_bg_samples": 118.5, "roi_head/num_fg_samples": 9.5, "rpn/num_neg_anchors": 207.0, "rpn/num_pos_anchors": 49.0, "time": 0.6559609190007905, "total_loss": 0.6553655772004277}
{"data_time": 0.17223838150039228, "eta_seconds": 349.6530064424378, "fast_rcnn/cls_accuracy": 0.990234375, "fast_rcnn/false_negative": 0.0, "fast_rcnn/fg_cls_accuracy": 1.0, "iteration": 499, "loss_box_reg": 0.19416054338216782, "loss_cls": 0.04013272561132908, "loss_mask": 0.3132738173007965, "loss_rpn_cls": 0.008574493695050478, "loss_rpn_loc": 0.055368728935718536, "lr": 0.000125, "mask_rcnn/accuracy": 0.8547588678328475, "mask_rcnn/false_negative": 0.04596577234939729, "mask_rcnn/false_positive": 0.5470738567377711, "roi_head/num_bg_samples": 118.5, "roi_head/num_fg_samples": 9.5, "rpn/num_neg_anchors": 207.0, "rpn/num_pos_anchors": 49.0, "time": 0.6272135389999676, "total_loss": 0.6193945456761867}
{"data_time": 0.22310338799979945, "eta_seconds": 335.6948025924403, "fast_rcnn/cls_accuracy": 0.9921875, "fast_rcnn/false_negative": 0.0, "fast_rcnn/fg_cls_accuracy": 1.0, "iteration": 519, "loss_box_reg": 0.17289290577173233, "loss_cls": 0.037060314789414406, "loss_mask": 0.2984439432621002, "loss_rpn_cls": 0.004996416158974171, "loss_rpn_loc": 0.05057871900498867, "lr": 6.25e-05, "mask_rcnn/accuracy": 0.8609640731292516, "mask_rcnn/false_negative": 0.051306653735672794, "mask_rcnn/false_positive": 0.5611074551563917, "roi_head/num_bg_samples": 119.25, "roi_head/num_fg_samples": 8.75, "rpn/num_neg_anchors": 207.5, "rpn/num_pos_anchors": 48.5, "time": 0.6595991969998067, "total_loss": 0.5670134294778109}
{"data_time": 0.27353489750112203, "eta_seconds": 321.73659874244277, "fast_rcnn/cls_accuracy": 0.984375, "fast_rcnn/false_negative": 0.0, "fast_rcnn/fg_cls_accuracy": 1.0, "iteration": 539, "loss_box_reg": 0.15382283180952072, "loss_cls": 0.04221159406006336, "loss_mask": 0.308826744556427, "loss_rpn_cls": 0.01753142848610878, "loss_rpn_loc": 0.05689975433051586, "lr": 6.25e-05, "mask_rcnn/accuracy": 0.8564281962785114, "mask_rcnn/false_negative": 0.047971138781180214, "mask_rcnn/false_positive": 0.6040675445664154, "roi_head/num_bg_samples": 119.5, "roi_head/num_fg_samples": 8.5, "rpn/num_neg_anchors": 207.0, "rpn/num_pos_anchors": 49.0, "time": 0.6975104604998705, "total_loss": 0.626775641925633}
{"data_time": 0.17309857600139367, "eta_seconds": 307.2252726270799, "fast_rcnn/cls_accuracy": 0.98828125, "fast_rcnn/false_negative": 0.0, "fast_rcnn/fg_cls_accuracy": 1.0, "iteration": 559, "loss_box_reg": 0.17088185250759125, "loss_cls": 0.03664102032780647, "loss_mask": 0.31391771137714386, "loss_rpn_cls": 0.01135682174935937, "loss_rpn_loc": 0.05463574454188347, "lr": 6.25e-05, "mask_rcnn/accuracy": 0.855484693877551, "mask_rcnn/false_negative": 0.050631110909462124, "mask_rcnn/false_positive": 0.5180243420425332, "roi_head/num_bg_samples": 119.5, "roi_head/num_fg_samples": 8.5, "rpn/num_neg_anchors": 207.0, "rpn/num_pos_anchors": 49.0, "time": 0.5810285919988019, "total_loss": 0.5985863883979619}
{"data_time": 0.3200915024999631, "eta_seconds": 293.2921536870763, "fast_rcnn/cls_accuracy": 0.98828125, "fast_rcnn/false_negative": 0.0, "fast_rcnn/fg_cls_accuracy": 1.0, "iteration": 579, "loss_box_reg": 0.16916479915380478, "loss_cls": 0.034975627437233925, "loss_mask": 0.3003769814968109, "loss_rpn_cls": 0.004221949260681868, "loss_rpn_loc": 0.055576274171471596, "lr": 6.25e-05, "mask_rcnn/accuracy": 0.8559792337987827, "mask_rcnn/false_negative": 0.04605617121711339, "mask_rcnn/false_positive": 0.5904871082390953, "roi_head/num_bg_samples": 119.75, "roi_head/num_fg_samples": 8.25, "rpn/num_neg_anchors": 207.0, "rpn/num_pos_anchors": 49.0, "time": 0.7153477745005148, "total_loss": 0.5990031296387315}
{"data_time": 0.22623119550007686, "eta_seconds": 279.35903474707266, "fast_rcnn/cls_accuracy": 0.98828125, "fast_rcnn/false_negative": 0.0, "fast_rcnn/fg_cls_accuracy": 1.0, "iteration": 599, "loss_box_reg": 0.18295058608055115, "loss_cls": 0.03390689007937908, "loss_mask": 0.3259818106889725, "loss_rpn_cls": 0.004833368118852377, "loss_rpn_loc": 0.05559596233069897, "lr": 6.25e-05, "mask_rcnn/accuracy": 0.8420360331632653, "mask_rcnn/false_negative": 0.04064058819963738, "mask_rcnn/false_positive": 0.5513810044741745, "roi_head/num_bg_samples": 119.5, "roi_head/num_fg_samples": 8.5, "rpn/num_neg_anchors": 207.0, "rpn/num_pos_anchors": 49.0, "time": 0.6872137054997438, "total_loss": 0.6188047913601622}
{"data_time": 0.02023769249990437, "eta_seconds": 264.344135649053, "fast_rcnn/cls_accuracy": 0.98828125, "fast_rcnn/false_negative": 0.0, "fast_rcnn/fg_cls_accuracy": 1.0, "iteration": 619, "loss_box_reg": 0.1771509274840355, "loss_cls": 0.03719596192240715, "loss_mask": 0.3356262594461441, "loss_rpn_cls": 0.008624700363725424, "loss_rpn_loc": 0.0602140799164772, "lr": 6.25e-05, "mask_rcnn/accuracy": 0.8397734093637456, "mask_rcnn/false_negative": 0.058029232299182304, "mask_rcnn/false_positive": 0.5666652703956412, "roi_head/num_bg_samples": 119.5, "roi_head/num_fg_samples": 8.5, "rpn/num_neg_anchors": 207.0, "rpn/num_pos_anchors": 49.0, "time": 0.5906046400004925, "total_loss": 0.6166121259448119}
{"data_time": 0.3641462715004309, "eta_seconds": 251.4927968670654, "fast_rcnn/cls_accuracy": 0.98828125, "fast_rcnn/false_negative": 0.0, "fast_rcnn/fg_cls_accuracy": 1.0, "iteration": 639, "loss_box_reg": 0.18153837323188782, "loss_cls": 0.03665437176823616, "loss_mask": 0.30859117209911346, "loss_rpn_cls": 0.003441314329393208, "loss_rpn_loc": 0.06372322142124176, "lr": 6.25e-05, "mask_rcnn/accuracy": 0.85332644962747, "mask_rcnn/false_negative": 0.06294705673723244, "mask_rcnn/false_positive": 0.5713974301266489, "roi_head/num_bg_samples": 119.0, "roi_head/num_fg_samples": 9.0, "rpn/num_neg_anchors": 207.0, "rpn/num_pos_anchors": 49.0, "time": 0.7289618660006454, "total_loss": 0.6261191758094355}
{"data_time": 0.35933896350070427, "eta_seconds": 238.73899948783082, "fast_rcnn/cls_accuracy": 0.98828125, "fast_rcnn/false_negative": 0.0, "fast_rcnn/fg_cls_accuracy": 1.0, "iteration": 659, "loss_box_reg": 0.17892351746559143, "loss_cls": 0.039127666503190994, "loss_mask": 0.30988481640815735, "loss_rpn_cls": 0.0037806073669344187, "loss_rpn_loc": 0.055013732984662056, "lr": 6.25e-05, "mask_rcnn/accuracy": 0.8581473214285714, "mask_rcnn/false_negative": 0.04460085776468295, "mask_rcnn/false_positive": 0.5588916635445091, "roi_head/num_bg_samples": 119.25, "roi_head/num_fg_samples": 8.75, "rpn/num_neg_anchors": 207.0, "rpn/num_pos_anchors": 49.0, "time": 0.7329469285004961, "total_loss": 0.5863289375556633}
{"data_time": 0.33677487449949695, "eta_seconds": 224.73671212784075, "fast_rcnn/cls_accuracy": 0.98828125, "fast_rcnn/false_negative": 0.0, "fast_rcnn/fg_cls_accuracy": 1.0, "iteration": 679, "loss_box_reg": 0.15991926938295364, "loss_cls": 0.03544282913208008, "loss_mask": 0.3174561411142349, "loss_rpn_cls": 0.008743242360651493, "loss_rpn_loc": 0.05147637613117695, "lr": 6.25e-05, "mask_rcnn/accuracy": 0.8502551020408163, "mask_rcnn/false_negative": 0.050087442968403284, "mask_rcnn/false_positive": 0.5502516577257067, "roi_head/num_bg_samples": 119.75, "roi_head/num_fg_samples": 8.25, "rpn/num_neg_anchors": 207.0, "rpn/num_pos_anchors": 49.0, "time": 0.7242380614998183, "total_loss": 0.5872688244562596}
{"data_time": 0.231687655499627, "eta_seconds": 210.73442476785067, "fast_rcnn/cls_accuracy": 0.9921875, "fast_rcnn/false_negative": 0.0, "fast_rcnn/fg_cls_accuracy": 1.0, "iteration": 699, "loss_box_reg": 0.17282110452651978, "loss_cls": 0.03382142633199692, "loss_mask": 0.3017883151769638, "loss_rpn_cls": 0.0061144037172198296, "loss_rpn_loc": 0.05668448470532894, "lr": 6.25e-05, "mask_rcnn/accuracy": 0.8583475056689343, "mask_rcnn/false_negative": 0.04025047907849856, "mask_rcnn/false_positive": 0.5956234023939702, "roi_head/num_bg_samples": 118.75, "roi_head/num_fg_samples": 9.25, "rpn/num_neg_anchors": 207.0, "rpn/num_pos_anchors": 49.0, "time": 0.6788877505005075, "total_loss": 0.5982834410388023}
{"data_time": 0.1864233679998506, "eta_seconds": 196.7321374078606, "fast_rcnn/cls_accuracy": 0.990234375, "fast_rcnn/false_negative": 0.0, "fast_rcnn/fg_cls_accuracy": 1.0, "iteration": 719, "loss_box_reg": 0.1843324974179268, "loss_cls": 0.034434638917446136, "loss_mask": 0.30486299097537994, "loss_rpn_cls": 0.004369223956018686, "loss_rpn_loc": 0.057021744549274445, "lr": 6.25e-05, "mask_rcnn/accuracy": 0.8588414532479658, "mask_rcnn/false_negative": 0.04342098883406365, "mask_rcnn/false_positive": 0.5348609677633525, "roi_head/num_bg_samples": 119.0, "roi_head/num_fg_samples": 9.0, "rpn/num_neg_anchors": 207.0, "rpn/num_pos_anchors": 49.0, "time": 0.6505781239993667, "total_loss": 0.6095338623272255}
{"data_time": 0.33249964749938954, "eta_seconds": 182.7298500478705, "fast_rcnn/cls_accuracy": 0.98828125, "fast_rcnn/false_negative": 0.0, "fast_rcnn/fg_cls_accuracy": 1.0, "iteration": 739, "loss_box_reg": 0.1694430559873581, "loss_cls": 0.03764757700264454, "loss_mask": 0.29589521884918213, "loss_rpn_cls": 0.009885645937174559, "loss_rpn_loc": 0.05906771868467331, "lr": 6.25e-05, "mask_rcnn/accuracy": 0.8563347924397031, "mask_rcnn/false_negative": 0.04110311433956093, "mask_rcnn/false_positive": 0.6063623006822023, "roi_head/num_bg_samples": 119.5, "roi_head/num_fg_samples": 8.5, "rpn/num_neg_anchors": 207.0, "rpn/num_pos_anchors": 49.0, "time": 0.7020950064998033, "total_loss": 0.5965609829872847}
{"data_time": 0.3576918970002225, "eta_seconds": 168.47769846687106, "fast_rcnn/cls_accuracy": 0.98828125, "fast_rcnn/false_negative": 0.0, "fast_rcnn/fg_cls_accuracy": 1.0, "iteration": 759, "loss_box_reg": 0.17440463602542877, "loss_cls": 0.0395235288888216, "loss_mask": 0.3005685657262802, "loss_rpn_cls": 0.004405054496601224, "loss_rpn_loc": 0.04508514516055584, "lr": 3.125e-05, "mask_rcnn/accuracy": 0.860615889212828, "mask_rcnn/false_negative": 0.04653416627549144, "mask_rcnn/false_positive": 0.48181020697337396, "roi_head/num_bg_samples": 118.5, "roi_head/num_fg_samples": 9.5, "rpn/num_neg_anchors": 207.0, "rpn/num_pos_anchors": 49.0, "time": 0.6828375904997301, "total_loss": 0.5888449905614834}
{"data_time": 0.23262124550001317, "eta_seconds": 154.49614672688176, "fast_rcnn/cls_accuracy": 0.98828125, "fast_rcnn/false_negative": 0.0, "fast_rcnn/fg_cls_accuracy": 1.0, "iteration": 779, "loss_box_reg": 0.1695568561553955, "loss_cls": 0.0414113849401474, "loss_mask": 0.3136454075574875, "loss_rpn_cls": 0.006606526207178831, "loss_rpn_loc": 0.05165673792362213, "lr": 3.125e-05, "mask_rcnn/accuracy": 0.8531170280612246, "mask_rcnn/false_negative": 0.06046558399602736, "mask_rcnn/false_positive": 0.5568170396676495, "roi_head/num_bg_samples": 119.25, "roi_head/num_fg_samples": 8.75, "rpn/num_neg_anchors": 207.0, "rpn/num_pos_anchors": 49.0, "time": 0.7132584040009533, "total_loss": 0.5912245020736009}
{"data_time": 0.3143592754995552, "eta_seconds": 140.04150802060394, "fast_rcnn/cls_accuracy": 0.98828125, "fast_rcnn/false_negative": 0.0, "fast_rcnn/fg_cls_accuracy": 1.0, "iteration": 799, "loss_box_reg": 0.15194331854581833, "loss_cls": 0.03788130357861519, "loss_mask": 0.29539722204208374, "loss_rpn_cls": 0.008891126606613398, "loss_rpn_loc": 0.06622738391160965, "lr": 3.125e-05, "mask_rcnn/accuracy": 0.85828018707483, "mask_rcnn/false_negative": 0.03444723083470991, "mask_rcnn/false_positive": 0.5989244609598248, "roi_head/num_bg_samples": 119.5, "roi_head/num_fg_samples": 8.5, "rpn/num_neg_anchors": 207.0, "rpn/num_pos_anchors": 49.0, "time": 0.6603388765006457, "total_loss": 0.586370290722698}
{"data_time": 0.33300053699986165, "eta_seconds": 126.1070296105936, "fast_rcnn/cls_accuracy": 0.990234375, "fast_rcnn/false_negative": 0.0, "fast_rcnn/fg_cls_accuracy": 1.0, "iteration": 819, "loss_box_reg": 0.1750713214278221, "loss_cls": 0.037446415051817894, "loss_mask": 0.3080848753452301, "loss_rpn_cls": 0.008709574583917856, "loss_rpn_loc": 0.04544125497341156, "lr": 3.125e-05, "mask_rcnn/accuracy": 0.8530650896722325, "mask_rcnn/false_negative": 0.041152160787821315, "mask_rcnn/false_positive": 0.5355776205153076, "roi_head/num_bg_samples": 119.25, "roi_head/num_fg_samples": 8.75, "rpn/num_neg_anchors": 207.0, "rpn/num_pos_anchors": 49.0, "time": 0.6943873925001753, "total_loss": 0.5708715040236712}
{"data_time": 0.20486042449920205, "eta_seconds": 112.17255120058326, "fast_rcnn/cls_accuracy": 0.984375, "fast_rcnn/false_negative": 0.0, "fast_rcnn/fg_cls_accuracy": 1.0, "iteration": 839, "loss_box_reg": 0.16630518436431885, "loss_cls": 0.04022456146776676, "loss_mask": 0.32753708958625793, "loss_rpn_cls": 0.01479054894298315, "loss_rpn_loc": 0.0576503612101078, "lr": 3.125e-05, "mask_rcnn/accuracy": 0.8492842970521541, "mask_rcnn/false_negative": 0.0395850549398547, "mask_rcnn/false_positive": 0.6099014050324214, "roi_head/num_bg_samples": 119.0, "roi_head/num_fg_samples": 9.0, "rpn/num_neg_anchors": 207.0, "rpn/num_pos_anchors": 49.0, "time": 0.6706072914994365, "total_loss": 0.6447188835591078}
{"data_time": 0.3299755660000301, "eta_seconds": 98.19329668957653, "fast_rcnn/cls_accuracy": 0.98828125, "fast_rcnn/false_negative": 0.025, "fast_rcnn/fg_cls_accuracy": 0.975, "iteration": 859, "loss_box_reg": 0.16996116936206818, "loss_cls": 0.03967574052512646, "loss_mask": 0.31990480422973633, "loss_rpn_cls": 0.014565011952072382, "loss_rpn_loc": 0.05365351215004921, "lr": 3.125e-05, "mask_rcnn/accuracy": 0.8515359268707483, "mask_rcnn/false_negative": 0.07187422661975275, "mask_rcnn/false_positive": 0.5382369137216934, "roi_head/num_bg_samples": 119.5, "roi_head/num_fg_samples": 8.5, "rpn/num_neg_anchors": 207.0, "rpn/num_pos_anchors": 49.0, "time": 0.6805850099999589, "total_loss": 0.6065307883545756}
{"data_time": 0.33023509200029366, "eta_seconds": 84.25089246745392, "fast_rcnn/cls_accuracy": 0.98828125, "fast_rcnn/false_negative": 0.0, "fast_rcnn/fg_cls_accuracy": 1.0, "iteration": 879, "loss_box_reg": 0.16128846257925034, "loss_cls": 0.033988019451498985, "loss_mask": 0.3162756860256195, "loss_rpn_cls": 0.011901422869414091, "loss_rpn_loc": 0.053538696840405464, "lr": 3.125e-05, "mask_rcnn/accuracy": 0.8544904500261643, "mask_rcnn/false_negative": 0.040830604467433626, "mask_rcnn/false_positive": 0.5471044266831276, "roi_head/num_bg_samples": 119.5, "roi_head/num_fg_samples": 8.5, "rpn/num_neg_anchors": 207.0, "rpn/num_pos_anchors": 49.0, "time": 0.6711945334991469, "total_loss": 0.5791953057050705}
{"data_time": 0.3411612315003367, "eta_seconds": 70.32512511746154, "fast_rcnn/cls_accuracy": 0.986328125, "fast_rcnn/false_negative": 0.0, "fast_rcnn/fg_cls_accuracy": 1.0, "iteration": 899, "loss_box_reg": 0.1641332358121872, "loss_cls": 0.03504258953034878, "loss_mask": 0.27365630865097046, "loss_rpn_cls": 0.007205310743302107, "loss_rpn_loc": 0.05173593387007713, "lr": 3.125e-05, "mask_rcnn/accuracy": 0.8774321660482375, "mask_rcnn/false_negative": 0.04582920669994278, "mask_rcnn/false_positive": 0.5156629302798093, "roi_head/num_bg_samples": 118.75, "roi_head/num_fg_samples": 9.25, "rpn/num_neg_anchors": 207.0, "rpn/num_pos_anchors": 49.0, "time": 0.6877973065002152, "total_loss": 0.5294951940886676}
{"data_time": 0.33330868000030023, "eta_seconds": 56.35214533794897, "fast_rcnn/cls_accuracy": 0.98828125, "fast_rcnn/false_negative": 0.0, "fast_rcnn/fg_cls_accuracy": 1.0, "iteration": 919, "loss_box_reg": 0.17010772228240967, "loss_cls": 0.03768081218004227, "loss_mask": 0.31528954207897186, "loss_rpn_cls": 0.008989394176751375, "loss_rpn_loc": 0.05158292315900326, "lr": 3.125e-05, "mask_rcnn/accuracy": 0.8587887406515402, "mask_rcnn/false_negative": 0.03941224968879268, "mask_rcnn/false_positive": 0.582739156268568, "roi_head/num_bg_samples": 119.0, "roi_head/num_fg_samples": 9.0, "rpn/num_neg_anchors": 206.75, "rpn/num_pos_anchors": 49.25, "time": 0.6839725775007537, "total_loss": 0.5812302769627422}
{"data_time": 0.255908129499403, "eta_seconds": 42.39728066794123, "fast_rcnn/cls_accuracy": 0.986328125, "fast_rcnn/false_negative": 0.0, "fast_rcnn/fg_cls_accuracy": 1.0, "iteration": 939, "loss_box_reg": 0.17331063747406006, "loss_cls": 0.0383126437664032, "loss_mask": 0.30319273471832275, "loss_rpn_cls": 0.00418983690906316, "loss_rpn_loc": 0.05143851228058338, "lr": 3.125e-05, "mask_rcnn/accuracy": 0.8598398899033297, "mask_rcnn/false_negative": 0.04768968718444283, "mask_rcnn/false_positive": 0.529714827606259, "roi_head/num_bg_samples": 118.5, "roi_head/num_fg_samples": 9.5, "rpn/num_neg_anchors": 207.0, "rpn/num_pos_anchors": 49.0, "time": 0.6462660260003759, "total_loss": 0.5719125846517272}
{"data_time": 0.3488273504999597, "eta_seconds": 28.43033441055104, "fast_rcnn/cls_accuracy": 0.986328125, "fast_rcnn/false_negative": 0.0, "fast_rcnn/fg_cls_accuracy": 1.0, "iteration": 959, "loss_box_reg": 0.16858330368995667, "loss_cls": 0.03867020271718502, "loss_mask": 0.30729836225509644, "loss_rpn_cls": 0.0062338614370673895, "loss_rpn_loc": 0.05334709584712982, "lr": 3.125e-05, "mask_rcnn/accuracy": 0.8543868440233235, "mask_rcnn/false_negative": 0.04277946902802662, "mask_rcnn/false_positive": 0.5573185826103357, "roi_head/num_bg_samples": 119.5, "roi_head/num_fg_samples": 8.5, "rpn/num_neg_anchors": 207.0, "rpn/num_pos_anchors": 49.0, "time": 0.6883271480000985, "total_loss": 0.5717077044537291}
{"data_time": 0.3518014800001765, "eta_seconds": 14.561878600526143, "fast_rcnn/cls_accuracy": 0.98828125, "fast_rcnn/false_negative": 0.0, "fast_rcnn/fg_cls_accuracy": 1.0, "iteration": 979, "loss_box_reg": 0.16825620830059052, "loss_cls": 0.03854050487279892, "loss_mask": 0.3174975514411926, "loss_rpn_cls": 0.005728652235120535, "loss_rpn_loc": 0.05202830396592617, "lr": 3.125e-05, "mask_rcnn/accuracy": 0.8503205558539205, "mask_rcnn/false_negative": 0.05148908822449798, "mask_rcnn/false_positive": 0.5648833195293582, "roi_head/num_bg_samples": 118.5, "roi_head/num_fg_samples": 9.5, "rpn/num_neg_anchors": 207.0, "rpn/num_pos_anchors": 49.0, "time": 0.6754605850001099, "total_loss": 0.599280285416171}
{"data_time": 0.3160121020000588, "eta_seconds": 0.6934227905012449, "fast_rcnn/cls_accuracy": 0.984375, "fast_rcnn/false_negative": 0.05572755417956656, "fast_rcnn/fg_cls_accuracy": 0.9442724458204335, "iteration": 999, "loss_box_reg": 0.1847013309597969, "loss_cls": 0.043100381270051, "loss_mask": 0.3041260689496994, "loss_rpn_cls": 0.006910578114911914, "loss_rpn_loc": 0.05687422305345535, "lr": 3.125e-05, "mask_rcnn/accuracy": 0.8536887969473503, "mask_rcnn/false_negative": 0.05407796446551137, "mask_rcnn/false_positive": 0.500058013316785, "roi_head/num_bg_samples": 118.75, "roi_head/num_fg_samples": 9.25, "rpn/num_neg_anchors": 207.0, "rpn/num_pos_anchors": 49.0, "time": 0.7147577205005291, "total_loss": 0.6058496008627117}
